comment_id,body,score,parent_id,post_id,depth,char_count,word_count,avg_word_len,is_root,target_binary,clean_body,sentiment,confidence
cza1q49,"> The difference in average earnings between men and women can be explained by taking into account relevant factors.

So it isn't a myth, you just feel that you can explain it.",-0.083,42g75o,42g75o,1,176,32,5.333333333333333,1,0,the difference in average earnings between men and women can be explained by taking into account relevant factors so it isnt a myth you just feel that you can explain it,LABEL_1,0.6658315658569336
cza1wdh,"The myth is that the ""gap"" is entirely based on the sex of the  person. ",-0.022,cza1q49,42g75o,2,72,15,4.5,0,0,the myth is that the gap is entirely based on the sex of the person,LABEL_0,0.571814239025116
cza2bw8,"The assertion is that women get paid less for the *same* jobs, and that they get paid less *because* they are women. ",-0.146,cza228r,42g75o,4,117,22,5.086956521739131,0,0,the assertion is that women get paid less for the same jobs and that they get paid less because they are women,LABEL_0,0.6333534121513367
cza2iji,"You said in the OP that's not what they're measuring. They're measuring aggregate. 

As entertainers, women make less. Isn't that what JLaw was complaining about?",-0.083,cza23qx,42g75o,3,162,25,6.230769230769231,0,0,you said in the op thats not what theyre measuring theyre measuring aggregate as entertainers women make less isnt that what jlaw was complaining about?,LABEL_0,0.9152286648750305
cza2jj3,">Men and women are not payed less for the same job

I don't think many people say this is the case though. I think this is a misconception on the other side, not something feminists have said. Even if women have a lower ""average"" wage in all jobs than men... I mean that's even bigger than individual cases. This shows that women are in an inferior position *more* than if a woman were to get literally 30 cents less. Because averages show the bigger picture.

Edit: Changed 70 to 30.",-0.042,cza23qx,42g75o,3,484,90,5.318681318681318,0,0,men and women are not payed less for the same job i dont think many people say this is the case though i think this is a misconception on the other side not something feminists have said even if women have a lower average wage in all jobs than men i mean thats even bigger than individual cases this shows that women are in an inferior position more than if a woman were to get literally 30 cents less because averages show the bigger picture edit changed 70 to 30,LABEL_0,0.7314878702163696
cza31e2,"> All the wage gap is, is an average of total men's pay vs total women's pay. If you believe that's all it is, then sure.

So you admit it exists?

>When people refer to the pay gap, that ^ is what they are referring to most of the time.

I'd say most of the time people think they're talking about discrimination, which is only true if they actually say it's about discrimination.

This is essentially critics that are assuming they are saying something other than what they are saying.",-0.021,cza23qx,42g75o,3,487,90,5.351648351648351,0,0,all the wage gap is is an average of total mens pay vs total womens pay if you believe thats all it is then sure so you admit it exists? when people refer to the pay gap that is what they are referring to most of the time id say most of the time people think theyre talking about discrimination which is only true if they actually say its about discrimination this is essentially critics that are assuming they are saying something other than what they are saying,LABEL_0,0.8781412839889526
cza37ue,"No, the point is they aren't talking about discrimination here.",-0.174,cza3500,42g75o,5,63,10,5.727272727272728,0,0,no the point is they arent talking about discrimination here,LABEL_0,0.8054669499397278
cza392y,So women are paid less for the same job?,-0.229,cza34dq,42g75o,5,40,9,4.0,0,0,so women are paid less for the same job?,LABEL_0,0.8632365465164185
cza3m1b,"But obviously that doesn't make sense, does it? That women just don't want to earn more money. That conflicts with what we know about humankind. People, men and women both, generally do want to make money and generally aren't okay with being given less than other people are given. Women are a whole aren't just less interested in money than men are. Something must be going on.",0.0,cza3cmh,42g75o,3,378,67,5.5588235294117645,0,0,but obviously that doesnt make sense does it? that women just dont want to earn more money that conflicts with what we know about humankind people men and women both generally do want to make money and generally arent okay with being given less than other people are given women are a whole arent just less interested in money than men are something must be going on,LABEL_0,0.9424837827682495
cza3r5u,"I think that Hollywood and professional sports are a big exception here, because salaries in those two industries have virtually no cap (and often aren't tied to the quality of work or quantity of work at all - they're about subjective ""star power"")",0.098,cza2iji,42g75o,4,249,43,5.659090909090909,0,1,i think that hollywood and professional sports are a big exception here because salaries in those two industries have virtually no cap and often arent tied to the quality of work or quantity of work at all theyre about subjective star power,LABEL_0,0.852326512336731
cza47sd,"> I don't think many people say this is the case though. I think this is a misconception on the other side, not something feminists have said.

President Obama and Hilary Clinton say this *all* the time - every time they mention the discrepancy in earnings, it is *always* ""women deserve equal pay for equal work"".",-0.083,cza2jj3,42g75o,4,314,56,5.508771929824562,0,0,i dont think many people say this is the case though i think this is a misconception on the other side not something feminists have said president obama and hilary clinton say this all the time every time they mention the discrepancy in earnings it is always women deserve equal pay for equal work,LABEL_1,0.6604596376419067
cza47xu,"I don't think they're any different. They are the truest form of perceived value and scarcity of skill. 

It's the difference between the WNBA and NBA. 

There are many factors that could keep wages low for a woman. 

For instance, my wife took maternity leave for 6 weeks and her boss would hound her about missing our son or what her future plans were with our son. Her boss never asked if I were going to take time off, etc. the supposition was my wife was going to quit. My wife chose not to and after a year her boss finally let up. 

But if my wife did quit, somehow then that would be used to say WOMEN keep wages low themselves ignoring that women are often the go to for child rearing. ",-0.062,cza3r5u,42g75o,5,695,133,5.186567164179104,0,0,i dont think theyre any different they are the truest form of perceived value and scarcity of skill its the difference between the wnba and nba there are many factors that could keep wages low for a woman for instance my wife took maternity leave for 6 weeks and her boss would hound her about missing our son or what her future plans were with our son her boss never asked if i were going to take time off etc the supposition was my wife was going to quit my wife chose not to and after a year her boss finally let up but if my wife did quit somehow then that would be used to say women keep wages low themselves ignoring that women are often the go to for child rearing,LABEL_0,0.7316020727157593
cza4d2a,"> Women are a whole aren't just less interested in money than men are.

Source?

Mine is only anecdotal, but in my experience, factors *other than money* - schedules, flexibility, time off, work condition, work enjoyability, etc. - are much more important to women than they are to men.",-0.062,cza3m1b,42g75o,4,286,49,5.72,0,0,women are a whole arent just less interested in money than men are source? mine is only anecdotal but in my experience factors other than money schedules flexibility time off work condition work enjoyability etc are much more important to women than they are to men,LABEL_1,0.6335761547088623
cza4gsv,"The gist of my post was ""does it make sense to you? It conflicts with what we think/know of humankind."" So no source for that train of thought.",-0.021,cza4d2a,42g75o,5,143,28,4.931034482758621,0,0,the gist of my post was does it make sense to you? it conflicts with what we thinkknow of humankind so no source for that train of thought,LABEL_0,0.9631429314613342
cza4ldq,"Biological differences cannot explain the trends we've seen in CS. Until about 1985, female enrollment in CS tracked up alongside other technical fields. Then it suddenly reversed and dropped dramatically. 

If the difference is biology, then what is going on here? Either there has been a dramatic change in women's biology since 1985 or there has been a dramatic change in CS (but not other technical fields) since 1985 that has not matched women's biology. Both of those are really suspect ideas, IMO.",-0.083,cza4c21,42g75o,5,504,83,6.0,0,0,biological differences cannot explain the trends weve seen in cs until about 1985 female enrollment in cs tracked up alongside other technical fields then it suddenly reversed and dropped dramatically if the difference is biology then what is going on here? either there has been a dramatic change in womens biology since 1985 or there has been a dramatic change in cs but not other technical fields since 1985 that has not matched womens biology both of those are really suspect ideas imo,LABEL_0,0.7740189433097839
cza5maz,"> It's the difference between the WNBA and NBA.

I'm not saying this isn't another can of worms entirely, but I've heard that this is primarily because the skill level of the players is not the same, the games are less exciting, and the stakes are lower. That feeds back on itself.",-0.188,cza47xu,42g75o,6,281,52,5.30188679245283,0,0,its the difference between the wnba and nba im not saying this isnt another can of worms entirely but ive heard that this is primarily because the skill level of the players is not the same the games are less exciting and the stakes are lower that feeds back on itself,LABEL_0,0.8902214169502258
cza6q74,">The fact of the matter is, unless you want to strip young women of agency, and force them into high paying fields, and restrict them from having a family, there really is nothing that can be done about this difference in average earnings. Mainly, because it isn't a problem. There is no discrimination involved.

That isn't true. There is another way to reduce the differnce. Instead of stripping the agency of young women away, you could strip the agency of young men away. You could force them into low paying fields, and force them to take extra time off work whenever a female coworker has a kid.",0.083,42g75o,42g75o,1,601,107,5.564814814814815,1,1,the fact of the matter is unless you want to strip young women of agency and force them into high paying fields and restrict them from having a family there really is nothing that can be done about this difference in average earnings mainly because it isnt a problem there is no discrimination involved that isnt true there is another way to reduce the differnce instead of stripping the agency of young women away you could strip the agency of young men away you could force them into low paying fields and force them to take extra time off work whenever a female coworker has a kid,LABEL_0,0.9456259608268738
cza6wrd,"Well, if your wife quit in order to be a full time mother, doesn't that exactly mean that she chose to make less and therefore bring down the aggregate wage of all women? You have repeated the fact that women are generally the go to for child rearing but I don't see how that is relevant. You are free to quit your job and be a stay at home dad and let your wife continue her career. There is no inherent reason women should continue to be the primary caregivers and I don't see why any parent should be given special consideration by an employer and paid more or offered promotions just because they had kids and chose to spend less effort and time on work. ",-0.104,cza47xu,42g75o,6,659,126,5.188976377952756,0,0,well if your wife quit in order to be a full time mother doesnt that exactly mean that she chose to make less and therefore bring down the aggregate wage of all women? you have repeated the fact that women are generally the go to for child rearing but i dont see how that is relevant you are free to quit your job and be a stay at home dad and let your wife continue her career there is no inherent reason women should continue to be the primary caregivers and i dont see why any parent should be given special consideration by an employer and paid more or offered promotions just because they had kids and chose to spend less effort and time on work,LABEL_0,0.7469237446784973
cza76eq,Women have not spent years being told that their value as human beings is tied to the money they bring in. It would honestly surprise me a lot if women cared as much about pay as men do.,0.188,cza4gsv,42g75o,6,186,38,4.769230769230769,0,1,women have not spent years being told that their value as human beings is tied to the money they bring in it would honestly surprise me a lot if women cared as much about pay as men do,LABEL_1,0.5856229662895203
cza79u4,"Doesn't it also mean the husband choose for his wife to earn less? If a husband and wife want a stay at home parent and decide together in mutual agreement for the wife to quit her job, then the choice for the woman to earn less rests equally on both man and woman in that situation. So we can't just say it's all women making these choices; men contribute to the choices as well.",0.175,cza6wrd,42g75o,7,380,74,5.066666666666666,0,1,doesnt it also mean the husband choose for his wife to earn less? if a husband and wife want a stay at home parent and decide together in mutual agreement for the wife to quit her job then the choice for the woman to earn less rests equally on both man and woman in that situation so we cant just say its all women making these choices men contribute to the choices as well,LABEL_1,0.5136429667472839
cza7gpu,"So you do believe socialization plays a huge role in people's choices, and you do acknowledge that in the past women weren't socialized to be as career focused as men, so it seems to me like  you'd understand how the explanations of why the wage gap exists are not justifications and that it stems from outdated gender roles conditioning that should be eradicated.",0.0,cza76eq,42g75o,7,364,63,5.6875,0,0,so you do believe socialization plays a huge role in peoples choices and you do acknowledge that in the past women werent socialized to be as career focused as men so it seems to me like youd understand how the explanations of why the wage gap exists are not justifications and that it stems from outdated gender roles conditioning that should be eradicated,LABEL_1,0.7649127840995789
cza8437,"Absolutely. But ""socialization"" is not a monolith. ""Women are discouraged from lucrative careers"" and ""men are willing to sacrifice more for their careers because they are judged more harshly on them"" both goes under socialization, but they're extremely different explanations. I don't think there's anyone outside a small minority that argues that socialization plays no role at all.",0.042,cza7gpu,42g75o,8,384,58,6.508474576271187,0,1,absolutely but socialization is not a monolith women are discouraged from lucrative careers and men are willing to sacrifice more for their careers because they are judged more harshly on them both goes under socialization but theyre extremely different explanations i dont think theres anyone outside a small minority that argues that socialization plays no role at all,LABEL_0,0.5885176658630371
cza882y,OP is arguing that. Or at least that it's not a problem.,-0.354,cza8437,42g75o,9,56,12,4.307692307692308,0,0,op is arguing that or at least that its not a problem,LABEL_0,0.6471660733222961
cza8lst,"No. OP is arguing that the difference in incomes is not due to discrimination. Which is probably not completely true, but mostly true (maybe 1/5th of the difference being discrimination).",-0.042,cza882y,42g75o,10,187,30,6.032258064516129,0,0,no op is arguing that the difference in incomes is not due to discrimination which is probably not completely true but mostly true maybe 15th of the difference being discrimination,LABEL_0,0.5999202728271484
cza8rfm,Maybe it could have something to do with the recent trend of feminists saying computer science is sexist. Who would want to join a profession that would treat them as less. Even if there is no sexism the perception could keep people away.,0.417,cza4ldq,42g75o,6,238,43,5.409090909090909,0,1,maybe it could have something to do with the recent trend of feminists saying computer science is sexist who would want to join a profession that would treat them as less even if there is no sexism the perception could keep people away,LABEL_0,0.8227647542953491
cza8whl,So you agree that its not a biological difference.,-0.417,cza8rfm,42g75o,7,50,9,5.0,0,0,so you agree that its not a biological difference,LABEL_1,0.5289973616600037
cza910x,"> Is it possible that new developments in particular fields led women away?

You tell me. We'd need to see a massive shift in the field to explain this. Both my parents were software engineers and I'm a CS PhD. In my opinion, there was no sea change in the 80s in terms of the actual work done by computer scientists and software engineers that justifies a massive change in trends among women in CS. 

You are right that the stats I gave do not necessarily indicate sexism. But they do indicate that the ""men and women are just different"" justification is extremely loose. Even if women aren't discouraged by intentional sexism, culture can still play a big role. A lot of people feel that these cultural forces are a problem. ",-0.042,cza4pr1,42g75o,7,728,131,5.515151515151516,0,0,is it possible that new developments in particular fields led women away? you tell me wed need to see a massive shift in the field to explain this both my parents were software engineers and im a cs phd in my opinion there was no sea change in the 80s in terms of the actual work done by computer scientists and software engineers that justifies a massive change in trends among women in cs you are right that the stats i gave do not necessarily indicate sexism but they do indicate that the men and women are just different justification is extremely loose even if women arent discouraged by intentional sexism culture can still play a big role a lot of people feel that these cultural forces are a problem,LABEL_0,0.7459620237350464
cza9u51,"There is a culture of exclusion in many higher paying fields like tech and science wherein women don't feel like they belong, are equals, etc. to men. And so some elect to enter another field after experiencing this directly, whereas others opt never to enter such fields in the first place and take up lesser paying jobs. 

Sociological forces are at play, is my point. Also, the burden of children is something you shouldn't neglect. There are all sorts of reasons why a child came unplanned into her life, something which had a detrimental impact on her potential job earnings. And if you count the total number of caloric hours of labor undertaken by men and women, women work between 20 to 30 percent more per week than men, on average. Because, yes, child care and home making is labor, albeit unpaid. ",-0.109,42g75o,42g75o,1,808,142,5.65034965034965,1,0,there is a culture of exclusion in many higher paying fields like tech and science wherein women dont feel like they belong are equals etc to men and so some elect to enter another field after experiencing this directly whereas others opt never to enter such fields in the first place and take up lesser paying jobs sociological forces are at play is my point also the burden of children is something you shouldnt neglect there are all sorts of reasons why a child came unplanned into her life something which had a detrimental impact on her potential job earnings and if you count the total number of caloric hours of labor undertaken by men and women women work between 20 to 30 percent more per week than men on average because yes child care and home making is labor albeit unpaid,LABEL_0,0.7961620688438416
czaacrg,"Because it's what commonly happens. There's what can and what is. 

What is is getting better, but we still have work to do. ",-0.458,cza6wrd,42g75o,7,125,23,5.208333333333333,0,0,because its what commonly happens theres what can and what is what is is getting better but we still have work to do,LABEL_1,0.9092854261398315
czabx13,"But what is the work that needs done exactly? That is I believe the point of contention. If you say we just need to advocate for cultural shifts, I agree. That is hard to do and not really the purview of the government. If you want specific government action, what specifically would that be? Another equal pay law isn't going to solve anything. ",0.083,czaacrg,42g75o,8,346,63,5.40625,0,1,but what is the work that needs done exactly? that is i believe the point of contention if you say we just need to advocate for cultural shifts i agree that is hard to do and not really the purview of the government if you want specific government action what specifically would that be? another equal pay law isnt going to solve anything,LABEL_0,0.9174915552139282
czaeclj,">Doesn't it also mean the husband choose for his wife to earn less? If a husband and wife want a stay at home parent and decide together in mutual agreement for the wife to quit her job, then the choice for the woman to earn less rests equally on both man and woman in that situation.

Generally, couples opt for one partner to stay home and care for the kids because daycare is *expensive*. For babies, it can be $25,000/year expensive. If you make $40,000/year, that's basically your take-home after taxes. So, unless both partners are high wage earners, it usually makes more economic sense for one to stay home. No one wants to work a full-time job just to pay for someone else to take care of their child.",0.083,cza79u4,42g75o,8,710,130,5.419847328244275,0,1,doesnt it also mean the husband choose for his wife to earn less? if a husband and wife want a stay at home parent and decide together in mutual agreement for the wife to quit her job then the choice for the woman to earn less rests equally on both man and woman in that situation generally couples opt for one partner to stay home and care for the kids because daycare is expensive for babies it can be 25000year expensive if you make 40000year thats basically your takehome after taxes so unless both partners are high wage earners it usually makes more economic sense for one to stay home no one wants to work a fulltime job just to pay for someone else to take care of their child,LABEL_0,0.7728398442268372
czagngx,"So what do you make of that fact that many other countries have much lower aggregate wage gaps than the U.S.? Do they have ""biologically different women""?

Or is it just possible that there are cultural reasons that some countries end up having more or less wage inequality in aggregate than the U.S.?",0.292,42g75o,42g75o,1,301,53,5.574074074074074,1,1,so what do you make of that fact that many other countries have much lower aggregate wage gaps than the us? do they have biologically different women? or is it just possible that there are cultural reasons that some countries end up having more or less wage inequality in aggregate than the us?,LABEL_0,0.8714851140975952
czam31j,There would be no reason for feminists to call it sexist unless there was already a difference. It's not they just pick a field at random and start painting signs. ,-0.104,cza8rfm,42g75o,7,164,30,5.290322580645161,0,0,there would be no reason for feminists to call it sexist unless there was already a difference its not they just pick a field at random and start painting signs,LABEL_0,0.9217482805252075
czatwk3,"I don't know if I would say it's completely not biological, I don't know enough about the differences in brains. But it's definitely more socialization. I've heard there is some country where the vast majority of CS people are women, I can't remember where.",-0.104,cza8whl,42g75o,8,257,44,5.711111111111111,0,0,i dont know if i would say its completely not biological i dont know enough about the differences in brains but its definitely more socialization ive heard there is some country where the vast majority of cs people are women i cant remember where,LABEL_1,0.7425788640975952
czjeljo,"For me is the lack of actual existence, i take the scientific method to heart.

There is currently no way to actual prove his existence, therefore God does not exist.",0.104,43mz3n,43mz3n,1,166,30,5.354838709677419,1,1,for me is the lack of actual existence i take the scientific method to heart there is currently no way to actual prove his existence therefore god does not exist,LABEL_0,0.8459492921829224
czjenf6,So anything which you cannot prove the existence of logically does not exist?,-0.125,czjeljo,43mz3n,2,77,13,5.5,0,0,so anything which you cannot prove the existence of logically does not exist?,LABEL_0,0.7734972834587097
czjep9r,"yeah, i cannot think of anything which cannot be proven through the scientific method in which i believe.

What would be your argument to that?",-0.146,czjenf6,43mz3n,3,143,25,5.5,0,0,yeah i cannot think of anything which cannot be proven through the scientific method in which i believe what would be your argument to that?,LABEL_0,0.7820138931274414
czjeqwm,"Sure, God may exist. But there is simply zero evidence for the existence of any supreme being. 

Thus for you to claim that He must exist is a bit far fetched.

There is zero evidence for an invisible dragon flying over my computer right now. Thus, I can claim that my dragon, based on all evidence, doesn't exist either.  

",0.188,43mz3n,43mz3n,1,325,59,5.416666666666667,1,1,sure god may exist but there is simply zero evidence for the existence of any supreme being thus for you to claim that he must exist is a bit far fetched there is zero evidence for an invisible dragon flying over my computer right now thus i can claim that my dragon based on all evidence doesnt exist either,LABEL_0,0.9425864815711975
czjevym,Can you restate that. I think you are saying the opposite of what you intended.,-0.042,czjep9r,43mz3n,4,79,15,4.9375,0,0,can you restate that i think you are saying the opposite of what you intended,LABEL_0,0.519223690032959
czjew3p,">i cannot think of anything which cannot be proven through the scientific method in which i believe.

How would you go about proving that claim, which you apparently believe, through the scientific method?

How do you measure belief? How do you show that it is the ""I"" that is doing the believing and not some other thing?  How do you, scientifically, show the existence of the ""I"" at all? And having crossed those hurdles, how do you determine that each of your beliefs are scientifically provable?  Is that even possible? Most people have an infinite number of beliefs, how can you confirm, scientifically, that each of your infinite beliefs is scientifically provable?",-0.188,czjep9r,43mz3n,4,671,112,5.938053097345133,0,0,i cannot think of anything which cannot be proven through the scientific method in which i believe how would you go about proving that claim which you apparently believe through the scientific method? how do you measure belief? how do you show that it is the i that is doing the believing and not some other thing? how do you scientifically show the existence of the i at all? and having crossed those hurdles how do you determine that each of your beliefs are scientifically provable? is that even possible? most people have an infinite number of beliefs how can you confirm scientifically that each of your infinite beliefs is scientifically provable?,LABEL_0,0.9317799210548401
czjex5r,"There are six arguments that I believe make the existence of God more likely (there are far more, the six are just the most well known). 

I am not committing the God of the Gaps fallacy. I am saying that we have strong deductive arguments for the existence of God. None of the arguments I gave end with ""We don't know, therefore God.""",-0.021,czjeqwm,43mz3n,2,335,63,5.234375,0,0,there are six arguments that i believe make the existence of god more likely there are far more the six are just the most well known i am not committing the god of the gaps fallacy i am saying that we have strong deductive arguments for the existence of god none of the arguments i gave end with we dont know therefore god,LABEL_0,0.8812964558601379
czjf1kj,"Do you have any affirmative evidence for God?

Or is this simply you showing a great deal of conformation bias. 

If I stripped the Bible from existence, would you still believe in the Judeo/Christian God?

Just saying that these x arguments mean that God is possible doesn't mean that God as you know him does exist. It just means that it is possible. 
",0.191,czjex5r,43mz3n,3,354,63,5.53125,0,1,do you have any affirmative evidence for god? or is this simply you showing a great deal of conformation bias if i stripped the bible from existence would you still believe in the judeochristian god? just saying that these x arguments mean that god is possible doesnt mean that god as you know him does exist it just means that it is possible,LABEL_0,0.9441806674003601
czjf4e2,"In my post I listed several arguments for the existence of God. 

The arguments I gave also do not end with ""Therefore God is possible."" They end with variants of ""Therefore God exists."" If you accept the premises then the conclusion necessarily follows. Some may not seem as obvious (such as the Kalam) but when parsed out leads to a powerful, immaterial, personal cause that exists outside of time and space. 

The argument for the resurrection uses the Bible but I don't assume that the Bible is the word of God or even accurate when I use it. I treat it as a historical document and use principals found in Bayesian probability theory to make the case for the most likely explanation. 

",0.167,czjf1kj,43mz3n,4,691,122,5.617886178861789,0,1,in my post i listed several arguments for the existence of god the arguments i gave also do not end with therefore god is possible they end with variants of therefore god exists if you accept the premises then the conclusion necessarily follows some may not seem as obvious such as the kalam but when parsed out leads to a powerful immaterial personal cause that exists outside of time and space the argument for the resurrection uses the bible but i dont assume that the bible is the word of god or even accurate when i use it i treat it as a historical document and use principals found in bayesian probability theory to make the case for the most likely explanation,LABEL_1,0.5162318348884583
czjf6jq,"> There is currently no way to actual prove his existence, therefore God does not exist.

You don't seem to take the scientific method to heart very much.",-0.062,czjeljo,43mz3n,2,154,28,5.310344827586207,0,0,there is currently no way to actual prove his existence therefore god does not exist you dont seem to take the scientific method to heart very much,LABEL_0,0.7663575410842896
czjf9es,"there is a difference between a belief and actual existence. People can believe in purple bunnies, that does not mean they exist.

The scientific method talks about setting up an observation, testing it, then concluding the hypothesis being correct or not.

Everything i know that exists can be proven, now my beliefs are different. And i know not everything i believe in is correct, were not all knowing after all.

Remove the word believe if it makes it confusing. I know he isnt real because you cannot prove it.

",-0.043,czjew3p,43mz3n,5,517,89,5.7444444444444445,0,0,there is a difference between a belief and actual existence people can believe in purple bunnies that does not mean they exist the scientific method talks about setting up an observation testing it then concluding the hypothesis being correct or not everything i know that exists can be proven now my beliefs are different and i know not everything i believe in is correct were not all knowing after all remove the word believe if it makes it confusing i know he isnt real because you cannot prove it,LABEL_0,0.9140175580978394
czjfc9s,"Once you make an affirmative claim like you just did: GOD EXISTS..


Now you have the small problem of showing evidence for that claim. And you have none. 

you are starting with a conclusion already in mind and then matching things to meet that conclusion which means that you are swimming in confirmation bias. You are just keeping what you like and getting rid of what doesn't mean your final conclusion. 

you make any claims that you want. They just are useless without evidence. 

Can't you see that anything you can do to prove my God, I can do to ""prove"" the the invisible flying dragon I just made up.

Believe in it all you want. Believe deeply. But you haven't proven anything since you don't have any evidence. ",0.25,czjf4e2,43mz3n,5,723,129,5.561538461538461,0,1,once you make an affirmative claim like you just did god exists now you have the small problem of showing evidence for that claim and you have none you are starting with a conclusion already in mind and then matching things to meet that conclusion which means that you are swimming in confirmation bias you are just keeping what you like and getting rid of what doesnt mean your final conclusion you make any claims that you want they just are useless without evidence cant you see that anything you can do to prove my god i can do to prove the the invisible flying dragon i just made up believe in it all you want believe deeply but you havent proven anything since you dont have any evidence,LABEL_0,0.9768205881118774
czjg2mx,"""We cannot scientifically test the existence of God"", is a claim.

How do you propose we test it?",0.021,czjfa0p,43mz3n,6,97,18,5.105263157894737,0,1,we cannot scientifically test the existence of god is a claim how do you propose we test it?,LABEL_0,0.8117220997810364
czjg3r8,"I gave multiple arguments for the existence of God. 

The question was ""is there a reason to believe that God does not exist?""",-0.125,czjfc9s,43mz3n,6,126,23,5.25,0,0,i gave multiple arguments for the existence of god the question was is there a reason to believe that god does not exist?,LABEL_0,0.6731516718864441
czjg5d8,Can you put the scientific method itself to this test?,-0.681,czjfa0p,43mz3n,6,54,10,4.909090909090909,0,0,can you put the scientific method itself to this test?,LABEL_0,0.6117042899131775
czjg836,"arguments of the existence of God is not evidence. 

You understand this correct?

",-0.043,czjg3r8,43mz3n,7,83,13,5.928571428571429,0,0,arguments of the existence of god is not evidence you understand this correct?,LABEL_0,0.7738802433013916
czjg9g7,"Evidence is used in the premise of a syllogism.

All men are mortal.  
Socrates is a man.  
Therefore Socrates is mortal.

This is not evidence but the evidence for ""all men are mortal"" and ""Socrates is a man"" would be used to reach the conclusion that ""Socrates is mortal.""",-0.261,czjg836,43mz3n,8,274,49,5.48,0,0,evidence is used in the premise of a syllogism all men are mortal socrates is a man therefore socrates is mortal this is not evidence but the evidence for all men are mortal and socrates is a man would be used to reach the conclusion that socrates is mortal,LABEL_1,0.6098638772964478
czjgxgu,"I'm not the person you're responding to.  That said....

In order to have a rational discourse, a few presuppositions have to be made concerning the nature of reality.  Two that come to mind : Reality exists, and our senses are giving us a reliable view of that reality.  

We employ the information provided by our senses to understand reality and survive in it.  The scientific method is just an extention of that.  The only way to deny or question it is to start questioning our perception of reality, which makes rational discourse impossible.",-0.146,czjg5d8,43mz3n,7,547,93,5.819148936170213,0,0,im not the person youre responding to that said in order to have a rational discourse a few presuppositions have to be made concerning the nature of reality two that come to mind reality exists and our senses are giving us a reliable view of that reality we employ the information provided by our senses to understand reality and survive in it the scientific method is just an extention of that the only way to deny or question it is to start questioning our perception of reality which makes rational discourse impossible,LABEL_0,0.9483529925346375
czjhr7r,But a materialistic view as expressed through natural selection can directly bring those senses into question. If reason leads us to natural selection and natural selection leads back to a lack of confidence in our reason then the view self-destructs. ,-0.106,czjgxgu,43mz3n,8,252,40,6.146341463414634,0,0,but a materialistic view as expressed through natural selection can directly bring those senses into question if reason leads us to natural selection and natural selection leads back to a lack of confidence in our reason then the view selfdestructs,LABEL_0,0.5273483395576477
czjhwkq,">The only way to deny or question it is to start questioning our perception of reality, which makes rational discourse impossible. 

Descartes would disagree.

The scientific method is inductive reasoning, and we can rule that out and still be left with deductive reasoning.  Rational discourse is entirely possible when limited to deduction.  

In fact, given that there is no non-circular argument for induction, one might argue that inductive reasoning is inherently irrational.  ",0.022,czjgxgu,43mz3n,8,483,72,6.616438356164384,0,1,the only way to deny or question it is to start questioning our perception of reality which makes rational discourse impossible descartes would disagree the scientific method is inductive reasoning and we can rule that out and still be left with deductive reasoning rational discourse is entirely possible when limited to deduction in fact given that there is no noncircular argument for induction one might argue that inductive reasoning is inherently irrational,LABEL_0,0.7075734734535217
czjjjyo,"That's a perfectly valid criticism to make.  But I would argue that going that route renders the entire argument meaningless.  If you're going to question your ability to perceive reality, then you can't justify any knowledge or beliefs you have concerning reality.

So while it is reasonable to suspect one's senses for the purpose of a philosophical debate, it isn't really meaningful outside of that context.  In reality, you rely on your senses to survive.  And you employ a form of the scientific method in order to do so.",-0.085,czjhr7r,43mz3n,9,527,89,5.855555555555555,0,0,thats a perfectly valid criticism to make but i would argue that going that route renders the entire argument meaningless if youre going to question your ability to perceive reality then you cant justify any knowledge or beliefs you have concerning reality so while it is reasonable to suspect ones senses for the purpose of a philosophical debate it isnt really meaningful outside of that context in reality you rely on your senses to survive and you employ a form of the scientific method in order to do so,LABEL_0,0.8236758708953857
czjjwfs,"trying to come up with a test that proves the existence of god?

good luck with that ;)",-0.087,czjg2mx,43mz3n,7,87,18,4.578947368421052,0,0,trying to come up with a test that proves the existence of god? good luck with that,LABEL_0,0.6705173850059509
czjmxqf,"How would an argument directly for the nonexistence of something unfalsifiable even work? Why is this something we'd expect to see even if we knew for sure there was no God? I can posit countless hypothetical entities defined in such a way that they'd be impossible to disprove directly regardless of whether they exist. When talking about God, we can take it as a given that any argument against is going to be a counterargument to an argument for God.",0.021,43mz3n,43mz3n,1,453,80,5.592592592592593,1,1,how would an argument directly for the nonexistence of something unfalsifiable even work? why is this something wed expect to see even if we knew for sure there was no god? i can posit countless hypothetical entities defined in such a way that theyd be impossible to disprove directly regardless of whether they exist when talking about god we can take it as a given that any argument against is going to be a counterargument to an argument for god,LABEL_0,0.9093055129051208
czjod9c,"The easiest by far argument against the existence of God, is the ""reverse No-True Scotsman"". Since the definition of what/who god is, is completely subjective and open, no matter what proof you show, it can be dismissed as ""no, I meant a different kind of god (insert a special quality here)"". 
Even if god himself were to show up personally and do an AMA, we could dismiss him/her/it as ""not the ACTUAL god, just some kind of absolute cosmic creator, but surely not THE creator"".",0.104,43mz3n,43mz3n,1,480,85,5.5813953488372094,1,1,the easiest by far argument against the existence of god is the reverse notrue scotsman since the definition of whatwho god is is completely subjective and open no matter what proof you show it can be dismissed as no i meant a different kind of god insert a special quality here even if god himself were to show up personally and do an ama we could dismiss himherit as not the actual god just some kind of absolute cosmic creator but surely not the creator,LABEL_0,0.6803282499313354
czjox1l,"alright first we need to define what kind of god you are referring to, if its the omnipotent omniscient god type then there is a very simple reason why it does not exist. 

we are unable to properly verify omnipotence, thus we are not capable of acknowledging a being as being such. thus god does not exist",0.021,43mz3n,43mz3n,1,306,57,5.275862068965517,1,1,alright first we need to define what kind of god you are referring to if its the omnipotent omniscient god type then there is a very simple reason why it does not exist we are unable to properly verify omnipotence thus we are not capable of acknowledging a being as being such thus god does not exist,LABEL_0,0.7425635457038879
czjsnbb,"Well what is your claim that God exists? and we can put that claim to a test.

If you say he can heal x y z, we can set up the experiement where he hast the chance to.

If you say he is all seeing, we can set up a test to see if it is true, of course you have to find a way to communicate with him.",0.083,czjg2mx,43mz3n,7,298,69,4.257142857142857,0,1,well what is your claim that god exists? and we can put that claim to a test if you say he can heal x y z we can set up the experiement where he hast the chance to if you say he is all seeing we can set up a test to see if it is true of course you have to find a way to communicate with him,LABEL_1,0.5289865732192993
czjt4jk,">I define God as the greatest conceivable being.

This can actually be proof that that God doesn't exist. I can prove this through the sheer power of numbers. Greatest implies a sense of quantity. If we posited any being that we might call God, who took up any infinite amount of space (just for one possible value of ""greatest"") then I can conceive a larger infinity that that being could fill, thus making that God fall short of that standard. Anything that is quantifiable, I can conceive of something larger than what actually exists, just by adding 1 to it.

So, if we're arguing that God, I can say that any being will fall short of that because of the nature of infinities and the infinite number of infinities and some infinities being larger than other infinities.",0.042,43mz3n,43mz3n,1,773,137,5.601449275362318,1,1,i define god as the greatest conceivable being this can actually be proof that that god doesnt exist i can prove this through the sheer power of numbers greatest implies a sense of quantity if we posited any being that we might call god who took up any infinite amount of space just for one possible value of greatest then i can conceive a larger infinity that that being could fill thus making that god fall short of that standard anything that is quantifiable i can conceive of something larger than what actually exists just by adding 1 to it so if were arguing that god i can say that any being will fall short of that because of the nature of infinities and the infinite number of infinities and some infinities being larger than other infinities,LABEL_1,0.5426685810089111
czju33f,">There is currently no way to actual prove his existence, therefore God does not exist.

This statement shows failure to understand the scientific method. AccordIng to the scientific method in order to say ""X does not exist"" X must be falsified. In order for something to not exist according to science it must be tested and disproved.The existence of God cannot be proven or falsified and your statement is non-scientific reasoning. It would make more sense to say ""therfore I have no reason to believe"" or ""I'm not convinced"" but the claim ""God does not exist"" is a negative truth claim and must be supported with a falsification of the positive version of the claim.",0.292,czjeljo,43mz3n,2,669,115,5.767241379310345,0,1,there is currently no way to actual prove his existence therefore god does not exist this statement shows failure to understand the scientific method according to the scientific method in order to say x does not exist x must be falsified in order for something to not exist according to science it must be tested and disprovedthe existence of god cannot be proven or falsified and your statement is nonscientific reasoning it would make more sense to say therfore i have no reason to believe or im not convinced but the claim god does not exist is a negative truth claim and must be supported with a falsification of the positive version of the claim,LABEL_0,0.9647977948188782
czjvjmu,"You said you're capable and willing to defend these arguments so I'll start with two simple questions:

What reason is there to believe objective moral values exist? I've never had a theist answer this question with anything but an appeal to emotion or popularity, or to ridicule moral relativism in place of it.

How can one possibly take a resurrection event as anything but near-zero probability in their Bayesian analysis without first already arguing that a god exists (therefore miracles can happen) and thus how are you not making a circular argument?",0.104,43mz3n,43mz3n,1,558,92,6.0,1,1,you said youre capable and willing to defend these arguments so ill start with two simple questions what reason is there to believe objective moral values exist? ive never had a theist answer this question with anything but an appeal to emotion or popularity or to ridicule moral relativism in place of it how can one possibly take a resurrection event as anything but nearzero probability in their bayesian analysis without first already arguing that a god exists therefore miracles can happen and thus how are you not making a circular argument?,LABEL_0,0.9703455567359924
czjxluw,I thought theists usually argue that infinites can't actually exist (!?). I wonder how that works,-0.167,czjt4jk,43mz3n,2,97,16,5.705882352941177,0,0,i thought theists usually argue that infinites cant actually exist !? i wonder how that works,LABEL_0,0.8556541204452515
czjyb2p,"Using the same ""I can add 1 to it"" argument I can prove infinities exist as well, so just in case...",0.043,czjxluw,43mz3n,3,100,21,4.545454545454546,0,1,using the same i can add 1 to it argument i can prove infinities exist as well so just in case,LABEL_1,0.5336507558822632
czk32ie,"No rational atheist argues that they can conclusively prove that there is no God, nor is the onus on them to do so (see FSM, etc.).  Your post itself relies on a strawman.

I'm not going to try to change your view to a view that practically no one actually holds.
",-0.062,43mz3n,43mz3n,1,264,51,5.076923076923077,1,0,no rational atheist argues that they can conclusively prove that there is no god nor is the onus on them to do so see fsm etc your post itself relies on a strawman im not going to try to change your view to a view that practically no one actually holds,LABEL_0,0.8675845265388489
czkdcdj,"I didn't ask for conclusive proof. Notice that the question asked for an argument. 

A single argument.

I did not make a strawman. I claimed that atheism is unable to provide an argument for the claim ""God does not exist.""",0.062,czk32ie,43mz3n,2,223,40,5.439024390243903,0,1,i didnt ask for conclusive proof notice that the question asked for an argument a single argument i did not make a strawman i claimed that atheism is unable to provide an argument for the claim god does not exist,LABEL_0,0.9217435121536255
czkdrpn,"Man, you are asking some great questions. If you are honestly willing to dialogue with me about this I would be happy to answer anything you bring forward. 

If you would remind me in a week I would be happy to talk you through these. 

I honestly appreciate the critique but I'm asking the original question sincerely and so I feel I should keep my attention, at least for a short time, on the attempted responses. ",-0.087,czjvjmu,43mz3n,2,416,76,5.402597402597403,0,0,man you are asking some great questions if you are honestly willing to dialogue with me about this i would be happy to answer anything you bring forward if you would remind me in a week i would be happy to talk you through these i honestly appreciate the critique but im asking the original question sincerely and so i feel i should keep my attention at least for a short time on the attempted responses,LABEL_1,0.9467477202415466
czke3gd,Atheism does not assert that God doesn't exist.  ,-0.109,czkdcdj,43mz3n,3,49,8,5.444444444444445,0,0,atheism does not assert that god doesnt exist,LABEL_0,0.5495662689208984
czkeo2t,"Several problems here:

1. I have defined God as the greatest conceivable being.

2. Are you saying our inability to properly verify the existence of something is an argument against its existence? So if we cannot properly verify that any specific person from a tribe exists that we can therefore conclude that no person from the tribe ever existed? Or before the discovery of the neutrino that we could conclude that neutrinos do not exist because we cannot observe them?

3. Why do humans have this special place in your perspective as the arbiters of all truth? Whereby if a human is not able to perceive of something that it therefore does not exist.

4. To be omnipotent means the ability to bring about any state of affairs which is logically possible for any one in that situation to bring about.",-0.042,czjox1l,43mz3n,2,803,141,5.654929577464789,0,0,several problems here 1 i have defined god as the greatest conceivable being 2 are you saying our inability to properly verify the existence of something is an argument against its existence? so if we cannot properly verify that any specific person from a tribe exists that we can therefore conclude that no person from the tribe ever existed? or before the discovery of the neutrino that we could conclude that neutrinos do not exist because we cannot observe them? 3 why do humans have this special place in your perspective as the arbiters of all truth? whereby if a human is not able to perceive of something that it therefore does not exist 4 to be omnipotent means the ability to bring about any state of affairs which is logically possible for any one in that situation to bring about,LABEL_0,0.6152886152267456
czkerw6,I defined what I meant by God in the original post. If you are claiming that an argument against something is the existence of alternative definitions then I'd be interested if you would be willing to actually defend that assertion.,-0.043,czjod9c,43mz3n,2,232,40,5.658536585365853,0,0,i defined what i meant by god in the original post if you are claiming that an argument against something is the existence of alternative definitions then id be interested if you would be willing to actually defend that assertion,LABEL_0,0.5187047123908997
czkf8h3,"Honestly, the New Atheist definition of atheism as ""a lack of belief in God"" is completely untenable. Philosophers simply don't use it as it leads to absurdities and cannot be wrong (it is always true and can be true along with theism). ",0.062,czke3gd,43mz3n,4,237,42,5.511627906976744,0,1,honestly the new atheist definition of atheism as a lack of belief in god is completely untenable philosophers simply dont use it as it leads to absurdities and cannot be wrong it is always true and can be true along with theism,LABEL_0,0.8129252195358276
czkfge3,I'll probably forget but if you know how the remind me thing works feel free to tag this comment and we can continue our discussion,-0.5,czkdrpn,43mz3n,3,131,25,5.038461538461538,0,0,ill probably forget but if you know how the remind me thing works feel free to tag this comment and we can continue our discussion,LABEL_1,0.9167470932006836
czkg9kn,"I'm not making a straw man, but I'm going to base my argument assuming that atheists make an argument that they don't make. 

Do you know what a straw man argument actually is?

",0.159,czkdcdj,43mz3n,3,178,33,5.235294117647059,0,1,im not making a straw man but im going to base my argument assuming that atheists make an argument that they dont make do you know what a straw man argument actually is?,LABEL_0,0.9549874663352966
czkm11n,"That's not a ""new atheism"" definition. That's literally what the word ""atheism"" means. 

And it doesn't matter how untenable you find it, it's literally what the people who disagree with you believe. 

I get that your job would be a lot easier if your atheists would just believe and defend the simple argument that you want to have, but (for the most part) they just don't.

Atheists lack a belief in God. That is all. If you want to refute that belief, the onus is on you to prove that there is a God. 

No appeal to authority about ""what most philosophers reject"" changes that.
",0.043,czkf8h3,43mz3n,5,581,105,5.481132075471698,0,1,thats not a new atheism definition thats literally what the word atheism means and it doesnt matter how untenable you find it its literally what the people who disagree with you believe i get that your job would be a lot easier if your atheists would just believe and defend the simple argument that you want to have but for the most part they just dont atheists lack a belief in god that is all if you want to refute that belief the onus is on you to prove that there is a god no appeal to authority about what most philosophers reject changes that,LABEL_0,0.856415331363678
czkp7l8,"We aren't debating psychological states. We are debating truth claims. According to that definition of atheism my left foot is an atheist and my dog is an atheist. 

That definition is true regardless of whether God exists because it is a psychological state so with that definition both atheism and theism are true...

It is utterly useless.",0.042,czkm11n,43mz3n,6,342,57,5.896551724137931,0,1,we arent debating psychological states we are debating truth claims according to that definition of atheism my left foot is an atheist and my dog is an atheist that definition is true regardless of whether god exists because it is a psychological state so with that definition both atheism and theism are true it is utterly useless,LABEL_0,0.958192765712738
czksdqe,"thats the thing: YOU defined what you mean by GOD. Its not an agreed upon, intersubjective definition.

The IDEA of God is objectively undefendable, no matter how much proof you show to the contrary, unless we agree what we are looking for.

It makes as much sense as trying to prove the existence of Beauty, or Fairness. You can't prove something fundamentally undefined, and something un-provable cannot exist in any maningful way.",0.042,czkerw6,43mz3n,3,433,72,5.931506849315069,0,1,thats the thing you defined what you mean by god its not an agreed upon intersubjective definition the idea of god is objectively undefendable no matter how much proof you show to the contrary unless we agree what we are looking for it makes as much sense as trying to prove the existence of beauty or fairness you cant prove something fundamentally undefined and something unprovable cannot exist in any maningful way,LABEL_0,0.904954195022583
czksh0n,">thats the thing: YOU defined what you mean by GOD. Its not an agreed upon, intersubjective definition.

So if someone else comes up with another definition of science then all definitions of science can no longer be discussed and debated?

>The IDEA of God is objectively undefendable, no matter how much proof you show to the contrary, unless we agree what we are looking for.

I make the claim that it is more plausible than not that God, according to the definition I gave, exists. I am not debating other people's definitions of God nor am I saying that everyone agrees with my definition.",-0.062,czksdqe,43mz3n,4,594,104,5.6571428571428575,0,0,thats the thing you defined what you mean by god its not an agreed upon intersubjective definition so if someone else comes up with another definition of science then all definitions of science can no longer be discussed and debated? the idea of god is objectively undefendable no matter how much proof you show to the contrary unless we agree what we are looking for i make the claim that it is more plausible than not that god according to the definition i gave exists i am not debating other peoples definitions of god nor am i saying that everyone agrees with my definition,LABEL_0,0.9498377442359924
czkug3t,"God as a construct is impossible to prove nor disprove since he's considered to not exist in mortal world unless something unexplainable happens. That is a very handy way to keep god image alive and always have people doubting on either side. Gods existence is kind of similar in a way: if I said I have a cat next to me right now. You may or may not believe it but in the end it won't impact your current life, discussions around it would if that was a popular subject to talk about or had a following but the fact itself would be just as meaningless as trying to argue if it exists or not. It's quite a stretch from god but It captures the point I wanted to make.",0.125,43mz3n,43mz3n,1,665,130,5.076335877862595,1,1,god as a construct is impossible to prove nor disprove since hes considered to not exist in mortal world unless something unexplainable happens that is a very handy way to keep god image alive and always have people doubting on either side gods existence is kind of similar in a way if i said i have a cat next to me right now you may or may not believe it but in the end it wont impact your current life discussions around it would if that was a popular subject to talk about or had a following but the fact itself would be just as meaningless as trying to argue if it exists or not its quite a stretch from god but it captures the point i wanted to make,LABEL_1,0.9628405570983887
czkuvie,"""science"" is an idea and a process, nobody claims that science is a physically existing entity. Science does not exist, it happens.

As for God, your own definition is: ""I define God as the greatest conceivable being.""

The idea of ""greatness"" is ontologically meaningless, unless you mean sheer size. The same goes for other attributes of god: Most good, the ultimate truth, the ultimate prefection, the all-knowing being etc.

These qualities are purely subjective and do not make sense in objective reality outside human perception.

So, the question is: ""does the Greatest Conceivable Being exists?"" and the answer is obviously: no, because that question is nonsensical.

TLDR: You can't claim god's existence unless the definition of god is finite and non-paradoxical. Illogical beings cannot exist.",0.042,czksh0n,43mz3n,5,804,125,6.380952380952381,0,1,science is an idea and a process nobody claims that science is a physically existing entity science does not exist it happens as for god your own definition is i define god as the greatest conceivable being the idea of greatness is ontologically meaningless unless you mean sheer size the same goes for other attributes of god most good the ultimate truth the ultimate prefection the allknowing being etc these qualities are purely subjective and do not make sense in objective reality outside human perception so the question is does the greatest conceivable being exists? and the answer is obviously no because that question is nonsensical tldr you cant claim gods existence unless the definition of god is finite and nonparadoxical illogical beings cannot exist,LABEL_0,0.9056174755096436
czlpdpo,">""science"" is an idea and a process, nobody claims that science is a physically existing entity. Science does not exist, it happens.

Sorry, I think I didn't clarify my objection sufficiently. You said that in order to discuss God we would need a definition that is agreed upon, an ""intersubjective definition."" 

I was asking if the same is true of science or if you are going to commit the fallacy of special pleading for science. 

>The idea of ""greatness"" is ontologically meaningless, unless you mean sheer size. The same goes for other attributes of god: Most good, the ultimate truth, the ultimate prefection, the all-knowing being etc.

Philosophy has generally agreed upon certain great-making properties. Knowledge, eternality, and power to actualize states of affairs are ones that I believe can easily be defended. ",-0.083,czkuvie,43mz3n,6,827,133,6.1716417910447765,0,0,science is an idea and a process nobody claims that science is a physically existing entity science does not exist it happens sorry i think i didnt clarify my objection sufficiently you said that in order to discuss god we would need a definition that is agreed upon an intersubjective definition i was asking if the same is true of science or if you are going to commit the fallacy of special pleading for science the idea of greatness is ontologically meaningless unless you mean sheer size the same goes for other attributes of god most good the ultimate truth the ultimate prefection the allknowing being etc philosophy has generally agreed upon certain greatmaking properties knowledge eternality and power to actualize states of affairs are ones that i believe can easily be defended,LABEL_0,0.6168944835662842
czlqe97,"I do not think that is accurate. We have several (well, many) arguments FOR the existence of God. I have given six. 

I did not ask for proof, I asked for an argument. There is a distinct difference. We cannot prove the multiverse to be false but we can offer arguments for or against it.",-0.062,czkug3t,43mz3n,2,288,55,5.142857142857143,0,0,i do not think that is accurate we have several well many arguments for the existence of god i have given six i did not ask for proof i asked for an argument there is a distinct difference we cannot prove the multiverse to be false but we can offer arguments for or against it,LABEL_0,0.8509417176246643
czyj0ip,"Maybe with some dogs, yeah. But wolves are vastly underrated. They're like lions of the dog world - absolutely powerful and massive. People confuse them for being smallish, the size of medium sized dogs. They're probably bigger than the biggest dog.

  You would almost definitely end up with a fucked up body at the end of a fight with some of the dogs.",0.271,45kzy6,45kzy6,1,354,63,5.53125,1,1,maybe with some dogs yeah but wolves are vastly underrated theyre like lions of the dog world absolutely powerful and massive people confuse them for being smallish the size of medium sized dogs theyre probably bigger than the biggest dog you would almost definitely end up with a fucked up body at the end of a fight with some of the dogs,LABEL_0,0.8725341558456421
czyj0vd,"I think that dogs are more dangerous because they can both bite you and claw you and humans do not have the same abilities as them.  As you mentioned, they are also faster so that gives them another bonus against us.  Finally, dogs do not have the same moral conscience as we do so if a dog is attacking you and you are in a bad situation and cannot fight back, the dog will not acknowledge that and will keep attacking, leaving you with no chance of winning the fight.",0.083,45kzy6,45kzy6,1,469,90,5.153846153846154,1,1,i think that dogs are more dangerous because they can both bite you and claw you and humans do not have the same abilities as them as you mentioned they are also faster so that gives them another bonus against us finally dogs do not have the same moral conscience as we do so if a dog is attacking you and you are in a bad situation and cannot fight back the dog will not acknowledge that and will keep attacking leaving you with no chance of winning the fight,LABEL_0,0.8423712253570557
czyj2gs,"Small, bone crushing knives that strike multiple times before you can even react to the last place you were bit.

*That* is the speed and force you're up against. The dogs/wolves are armed with incredibly powerful weapons.

Hand to paw, you are at a disadvantage.",0.104,45kzy6,45kzy6,1,263,45,5.717391304347826,1,1,small bone crushing knives that strike multiple times before you can even react to the last place you were bit that is the speed and force youre up against the dogswolves are armed with incredibly powerful weapons hand to paw you are at a disadvantage,LABEL_0,0.7660304307937622
czyj2rq,"Dogs have incredibly sharp teeth set in incredibly strong jaws. If it's a smaller dog, you'd probably be fine, but a bigger dog will be stronger and faster than you, even if you're strong and fast. You might be able to win in the end, but you're going to get fucked up in the process.

And most people in videos are taken by surprise and are often not young, fit males.",-0.043,45kzy6,45kzy6,1,369,71,5.125,1,0,dogs have incredibly sharp teeth set in incredibly strong jaws if its a smaller dog youd probably be fine but a bigger dog will be stronger and faster than you even if youre strong and fast you might be able to win in the end but youre going to get fucked up in the process and most people in videos are taken by surprise and are often not young fit males,LABEL_0,0.8523937463760376
czyj9vs,Do you believe it is a victory to survive the dog fight but lose appendages to infection?,-0.167,45kzy6,45kzy6,1,89,17,4.944444444444445,1,0,do you believe it is a victory to survive the dog fight but lose appendages to infection?,LABEL_1,0.689850926399231
czyja5h,"Sure, you might win, but you're going to get fucked up.",0.375,45kzy6,45kzy6,1,55,11,4.583333333333333,1,1,sure you might win but youre going to get fucked up,LABEL_0,0.8756495714187622
czyjfsw,"You're lumping in very different animals here.

Have you ever even seen a coyote? They're relatively small. There's a reason they scavenge or hunt in packs. Unless you have it backed into a corner, it is just going to run away.

Wolves, on the other hand, can outweigh a small adult, and do so while having much more speed, strength, and more potent natural weapons.

Dogs span the whole spectrum of sizes/shapes, depending on the breed. I don't think anyone doubt you could dropkick a chihuahua, but what about a mastiff that outweighs you and stands as tall as your chest?",0.042,45kzy6,45kzy6,1,574,101,5.627450980392157,1,1,youre lumping in very different animals here have you ever even seen a coyote? theyre relatively small theres a reason they scavenge or hunt in packs unless you have it backed into a corner it is just going to run away wolves on the other hand can outweigh a small adult and do so while having much more speed strength and more potent natural weapons dogs span the whole spectrum of sizesshapes depending on the breed i dont think anyone doubt you could dropkick a chihuahua but what about a mastiff that outweighs you and stands as tall as your chest?,LABEL_0,0.8508641719818115
czyjhfs,Anyone who thinks they can take on a wolf is deluding themselves.,-0.167,45kzy6,45kzy6,1,65,12,5.0,1,0,anyone who thinks they can take on a wolf is deluding themselves,LABEL_0,0.9472132921218872
czyjhqz,"A wolf has trained all its life to kill other things.

Have you? If you had to bite a wolf's throat out would you hesitate just a little bit? I'm going to go out on a limb and say that you will. 

You will hesitate and the dog won't. You will delay and the dog won't. The dog has 3.5 inch knives he can bring to the fight and you can't.  

Also, do you have any idea what to do if your neck is being attacked? Have you ever trained to go all out?

You would be at a significant disadvantage to a dog who wanted to kill you. ",0.149,45kzy6,45kzy6,1,524,109,4.763636363636364,1,1,a wolf has trained all its life to kill other things have you? if you had to bite a wolfs throat out would you hesitate just a little bit? im going to go out on a limb and say that you will you will hesitate and the dog wont you will delay and the dog wont the dog has 35 inch knives he can bring to the fight and you cant also do you have any idea what to do if your neck is being attacked? have you ever trained to go all out? you would be at a significant disadvantage to a dog who wanted to kill you,LABEL_0,0.9217214584350586
czyjufm,Biggest dogs can be 100+ lbs more than big wolves. ,-0.5,czyj0ip,45kzy6,2,51,10,4.636363636363637,0,0,biggest dogs can be 100 lbs more than big wolves,LABEL_1,0.6217402815818787
czyk71o,"Wolves are ~100lbs, where as some of the largest domesticated dogs are 200+.

But, that being said, it's a 100lb dog that has been raised in either kill or be killed scenarios. Not a 200lb dog that likes your lap.",-0.167,czyj0ip,45kzy6,2,213,40,5.195121951219512,0,0,wolves are 100lbs where as some of the largest domesticated dogs are 200 but that being said its a 100lb dog that has been raised in either kill or be killed scenarios not a 200lb dog that likes your lap,LABEL_1,0.5216405987739563
czykgjk,"> Wolves, on the other hand, can outweigh a small adult, and do so while having much more speed, strength, and more potent natural weapons.

Wolves can also have really well developed team tactics so there's a solid chance you wouldn't even be dealing with one wolf.  ",-0.217,czyjfsw,45kzy6,2,268,47,5.583333333333333,0,0,wolves on the other hand can outweigh a small adult and do so while having much more speed strength and more potent natural weapons wolves can also have really well developed team tactics so theres a solid chance you wouldnt even be dealing with one wolf,LABEL_1,0.8276786208152771
czykuef,"Coyotes and wolves are pack hunters so it is unlikely that you would come across just one. Dogs, coyotes, and wolves have fangs and claws and you do not. They will always go for the weakest part and then All they have to do is get in one bite and hold on with their super strong jaws and shake. And no matter how speedy you are, they are faster. The only way a large stick could help is if you throw it.",-0.447,45kzy6,45kzy6,1,403,82,4.855421686746988,1,0,coyotes and wolves are pack hunters so it is unlikely that you would come across just one dogs coyotes and wolves have fangs and claws and you do not they will always go for the weakest part and then all they have to do is get in one bite and hold on with their super strong jaws and shake and no matter how speedy you are they are faster the only way a large stick could help is if you throw it,LABEL_0,0.8447371125221252
czyl1me,No dog's teeth are 3.5 inches long. ,-0.426,czyjhqz,45kzy6,2,36,7,4.5,0,0,no dogs teeth are 35 inches long,LABEL_0,0.6240677237510681
czylher,"They're going to bite down on something. Very hard. If you present an arm for sacrifice then proceed to snap its neck, you might win. However, does losing an arm (destroyed bones/tendons) count as a win?",0.042,45kzy6,45kzy6,1,203,36,5.486486486486487,1,1,theyre going to bite down on something very hard if you present an arm for sacrifice then proceed to snap its neck you might win however does losing an arm destroyed bonestendons count as a win?,LABEL_0,0.8255406022071838
czylnxj,"I guess I'm in the minority with OP. At about 200 lbs, I've always figured that as long as I avoided panic and stayed aggressive, I could come out on top if faced with a hundred pound dog. Against 2 50lb dogs would probably be a lot harder. And a pack is a whole different story. Yea I know they have jaws, stamina, dense muscles...but they still have a throat and other weak spots. Punch hard, bite it's balls, fake throw a tennis ball...",0.043,45kzy6,45kzy6,1,439,84,5.1647058823529415,1,1,i guess im in the minority with op at about 200 lbs ive always figured that as long as i avoided panic and stayed aggressive i could come out on top if faced with a hundred pound dog against 2 50lb dogs would probably be a lot harder and a pack is a whole different story yea i know they have jaws stamina dense musclesbut they still have a throat and other weak spots punch hard bite its balls fake throw a tennis ball,LABEL_0,0.7772052884101868
czylpg3,"Obviously I'm not looking to test this theory out in real life, but I'm pretty awesome in my daydreams.",-0.468,czylnxj,45kzy6,2,103,19,5.15,0,0,obviously im not looking to test this theory out in real life but im pretty awesome in my daydreams,LABEL_1,0.8111183047294617
czylsux,"I have trained German Shepherds for Schutzhund. 

I could go on and on about speed and ferocity. But the cliffs notes is that you would get wrecked. 

An example is when my friend put on the arm pad and I had my super gentle female 90lb GSD run him down with a 30 yard head start and throw him to the ground like a bitch. 

He was the starting middle line backer for our high school team and ended up playing in college. ",0.167,45kzy6,45kzy6,1,421,83,5.011904761904762,1,1,i have trained german shepherds for schutzhund i could go on and on about speed and ferocity but the cliffs notes is that you would get wrecked an example is when my friend put on the arm pad and i had my super gentle female 90lb gsd run him down with a 30 yard head start and throw him to the ground like a bitch he was the starting middle line backer for our high school team and ended up playing in college,LABEL_0,0.8678966164588928
